Album ID,Album Name
1,N/A
2,The Complete Season One
3,Volume 1
4,Volume 2
5,Love Songs
6,Volume 3 Showstoppers
7,The Power of Madonna
8,Journey to Regionals
9,Volume 4
10,The Complete Season Two
11,Dance Party
12,The Rocky Horror Glee Show
13,Presents the Warblers
14,The Christmas Album
15,Volume 5
16,Volume 6
17,Matthew Morrison
18,The Complete Season Three
19,Volume 7
20,The Graduation Album
21,The Christmas Album Volume 2
22,Presents Glease
23,No
24,The Complete Season Four
25,"Season 4, Volume 1"
26,Britney 2.0
27,The Christmas Album Volume 3
28,Sings the Beatles
29,The Quarterback
30,A Katy or a Gaga
31,Movin' Out
32,The Christmas Album Volume 4
33,City of Angels
34,Celebrating 100 Episodes
35,New New York
36,Bash
37,Tested
38,Opening Night
39,The Back-Up Plan
40,"Old Dog, New Tricks"
41,The Untitled Rachel Berry Project
42,Loser Like Me
43,Homecoming
44,Jagged Little Tapestry
45,The Hurt Locker
46,"The Hurt Locker, Part 2"
47,What the World Needs Now Is Love
48,Transitioning
49,A Wedding
50,Child Star
51,The Rise and Fall of Sue Sylvester
52,We Built This Glee Club
53,2009
54,Dreams Come True
